System Type,Average Battery Temperature (°C),Maximum Battery Temperature (°C),Minimum Battery Temperature (°C),Total Heat Transferred (J),Total Energy Consumed (J),Energy Efficiency (J/W)
Passive,26.094200403519753,26.90992495595221,25.0,484955.0898419726,0,
Active,25.967932943443554,26.592916001210128,25.0,643489.0802983502,720000,0.8937348337477086
HeatRecovery,26.04068251281513,26.772896255406902,25.0,553482.8317106764,576000,0.9609076939421466
